{"stats":{"minecraft:picked_up":{"minecraft:crafting_table":2,"minecraft:chicken":2,"minecraft:brewing_stand":1,"minecraft:red_bed":6,"minecraft:white_carpet":1,"minecraft:cartography_table":3,"minecraft:bucket":1,"minecraft:beef":6,"minecraft:oak_boat":6,"minecraft:rose_bush":2,"minecraft:poppy":7,"minecraft:light_gray_wool":1,"minecraft:lectern":1,"minecraft:sugar_cane":24,"minecraft:melon_slice":103,"minecraft:birch_sapling":1,"minecraft:egg":1,"minecraft:stick":29,"minecraft:composter":3,"minecraft:torch":1,"minecraft:acacia_log":10,"minecraft:cherry_log":172,"minecraft:carrot":14,"minecraft:orange_bed":5,"minecraft:arrow":2,"minecraft:rotten_flesh":2,"minecraft:beetroot_seeds":2,"minecraft:hay_block":4,"minecraft:mutton":19,"minecraft:white_wool":12,"minecraft:cobblestone":14,"minecraft:oxeye_daisy":1,"minecraft:birch_log":7,"minecraft:feather":1,"minecraft:cherry_planks":51,"minecraft:leather":7,"minecraft:potato":14,"minecraft:smoker":1,"minecraft:acacia_wood":3,"minecraft:flint":8,"minecraft:oak_log":70,"minecraft:dirt":257,"minecraft:bone":2,"minecraft:apple":2,"minecraft:stonecutter":1,"minecraft:bow":1,"minecraft:wheat_seeds":56,"minecraft:bell":1,"minecraft:grindstone":1,"minecraft:iron_ingot":27,"minecraft:oak_planks":2,"minecraft:book":9,"minecraft:pink_bed":2,"minecraft:dandelion":1,"minecraft:gravel":109,"minecraft:blast_furnace":1,"minecraft:white_bed":1,"minecraft:crossbow":1,"minecraft:cherry_sapling":33,"minecraft:oak_sapling":19,"minecraft:melon_seeds":2,"minecraft:sunflower":1},"minecraft:killed":{"minecraft:spider":1,"minecraft:skeleton":1,"minecraft:chicken":2,"minecraft:iron_golem":6,"minecraft:sheep":13,"minecraft:cow":4},"minecraft:custom":{"minecraft:mob_kills":28,"minecraft:interact_with_crafting_table":22,"minecraft:bell_ring":18,"minecraft:leave_game":6,"minecraft:time_since_death":170183,"minecraft:climb_one_cm":1002,"minecraft:sprint_one_cm":382681,"minecraft:walk_one_cm":225905,"minecraft:drop":8,"minecraft:talked_to_villager":25,"minecraft:play_time":172136,"minecraft:deaths":1,"minecraft:sneak_time":9397,"minecraft:walk_under_water_one_cm":5115,"minecraft:boat_one_cm":204143,"minecraft:jump":2152,"minecraft:walk_on_water_one_cm":9563,"minecraft:total_world_time":172136,"minecraft:interact_with_furnace":15,"minecraft:traded_with_villager":47,"minecraft:sleep_in_bed":7,"minecraft:time_since_rest":2622,"minecraft:damage_taken":1432,"minecraft:damage_dealt":8119,"minecraft:swim_one_cm":15822,"minecraft:fly_one_cm":366468,"minecraft:open_chest":78,"minecraft:crouch_one_cm":2976,"minecraft:fall_one_cm":55227},"minecraft:dropped":{"minecraft:wheat_seeds":17,"minecraft:oxeye_daisy":1,"minecraft:melon_slice":1,"minecraft:bucket":1,"minecraft:beetroot_seeds":2,"minecraft:oak_sapling":15},"minecraft:crafted":{"minecraft:cherry_planks":432,"minecraft:oak_planks":108,"minecraft:stone_shovel":2,"minecraft:cherry_slab":114,"minecraft:pink_bed":4,"minecraft:bone_meal":21,"minecraft:pink_dye":4,"minecraft:cooked_mutton":24,"minecraft:cherry_trapdoor":4,"minecraft:bow":5,"minecraft:red_dye":4,"minecraft:emerald":26,"minecraft:crafting_table":1,"minecraft:wooden_pickaxe":1,"minecraft:iron_sword":1,"minecraft:red_bed":1,"minecraft:red_wool":3,"minecraft:fletching_table":4,"minecraft:bucket":1,"minecraft:birch_planks":28,"minecraft:stone_axe":2,"minecraft:bread":60,"minecraft:air":0,"minecraft:apple":24,"minecraft:oak_boat":1,"minecraft:stick":876,"minecraft:iron_pickaxe":1,"minecraft:white_bed":3,"minecraft:composter":2,"minecraft:acacia_planks":40},"minecraft:broken":{"minecraft:wooden_pickaxe":1,"minecraft:stone_axe":2,"minecraft:stone_shovel":2},"minecraft:used":{"minecraft:cherry_sapling":3,"minecraft:stone_shovel":262,"minecraft:poppy":6,"minecraft:iron_sword":117,"minecraft:bell":1,"minecraft:rotten_flesh":2,"minecraft:orange_bed":5,"minecraft:torch":1,"minecraft:dirt":111,"minecraft:mutton":3,"minecraft:white_carpet":1,"minecraft:birch_sapling":1,"minecraft:oak_sapling":1,"minecraft:acacia_wood":1,"minecraft:wheat_seeds":33,"minecraft:cooked_mutton":6,"minecraft:water_bucket":13,"minecraft:oak_planks":1,"minecraft:wooden_pickaxe":42,"minecraft:cherry_planks":8,"minecraft:composter":4,"minecraft:fletching_table":4,"minecraft:crafting_table":3,"minecraft:red_bed":6,"minecraft:white_bed":2,"minecraft:sunflower":1,"minecraft:melon_slice":81,"minecraft:iron_pickaxe":53,"minecraft:gravel":63,"minecraft:stone_axe":237,"minecraft:pink_bed":2,"minecraft:bucket":13,"minecraft:oak_boat":6,"minecraft:dandelion":1,"minecraft:bone_meal":18},"minecraft:killed_by":{"minecraft:zombie":1},"minecraft:mined":{"minecraft:white_bed":1,"minecraft:pink_bed":2,"minecraft:cherry_log":45,"minecraft:brewing_stand":1,"minecraft:acacia_log":12,"minecraft:grass_block":101,"minecraft:cartography_table":3,"minecraft:composter":3,"minecraft:oxeye_daisy":1,"minecraft:hay_block":4,"minecraft:carrots":14,"minecraft:acacia_wood":3,"minecraft:bell":1,"minecraft:bookshelf":3,"minecraft:potatoes":14,"minecraft:dirt_path":47,"minecraft:stone":14,"minecraft:orange_bed":5,"minecraft:cherry_planks":7,"minecraft:red_bed":6,"minecraft:smoker":1,"minecraft:crafting_table":2,"minecraft:torch":1,"minecraft:blast_furnace":1,"minecraft:melon":20,"minecraft:rose_bush":2,"minecraft:lectern":1,"minecraft:tall_grass":2,"minecraft:grindstone":1,"minecraft:sugar_cane":12,"minecraft:oak_planks":2,"minecraft:birch_log":7,"minecraft:wheat":48,"minecraft:white_carpet":1,"minecraft:birch_leaves":10,"minecraft:grass":53,"minecraft:oak_log":75,"minecraft:beetroots":2,"minecraft:sunflower":2,"minecraft:gravel":75,"minecraft:dirt":110,"minecraft:stonecutter":1,"minecraft:oak_leaves":15,"minecraft:fern":2}},"DataVersion":3465}