{"stats":{"minecraft:dropped":{"minecraft:iron_ingot":36,"minecraft:wheat_seeds":18,"minecraft:oxeye_daisy":1,"minecraft:melon_slice":2,"minecraft:bucket":1,"minecraft:beetroot_seeds":2,"minecraft:oak_boat":1,"minecraft:oak_sapling":15},"minecraft:crafted":{"minecraft:cherry_planks":432,"minecraft:oak_planks":352,"minecraft:stone_shovel":2,"minecraft:cherry_slab":114,"minecraft:pink_bed":4,"minecraft:bone_meal":21,"minecraft:pink_dye":4,"minecraft:cooked_mutton":24,"minecraft:cherry_trapdoor":4,"minecraft:diamond_helmet":1,"minecraft:diamond_leggings":1,"minecraft:bow":5,"minecraft:diamond_boots":1,"minecraft:red_dye":4,"minecraft:emerald":134,"minecraft:crafting_table":1,"minecraft:spruce_planks":1448,"minecraft:wooden_pickaxe":1,"minecraft:iron_sword":1,"minecraft:red_bed":1,"minecraft:red_wool":3,"minecraft:fletching_table":4,"minecraft:bucket":1,"minecraft:birch_planks":56,"minecraft:stone_axe":2,"minecraft:bread":60,"minecraft:air":0,"minecraft:apple":24,"minecraft:oak_boat":1,"minecraft:stick":4315,"minecraft:iron_ingot":5,"minecraft:iron_pickaxe":1,"minecraft:white_bed":3,"minecraft:composter":2,"minecraft:acacia_planks":40,"minecraft:diamond_chestplate":1},"minecraft:broken":{"minecraft:wooden_pickaxe":1,"minecraft:stone_axe":2,"minecraft:stone_shovel":2},"minecraft:killed_by":{"minecraft:zombie":1},"minecraft:killed":{"minecraft:spider":2,"minecraft:skeleton":1,"minecraft:chicken":2,"minecraft:iron_golem":9,"minecraft:sheep":13,"minecraft:cow":4},"minecraft:mined":{"minecraft:white_bed":1,"minecraft:pink_bed":2,"minecraft:cherry_log":45,"minecraft:brewing_stand":1,"minecraft:acacia_log":12,"minecraft:grass_block":113,"minecraft:acacia_slab":1,"minecraft:cartography_table":3,"minecraft:composter":3,"minecraft:oxeye_daisy":1,"minecraft:hay_block":4,"minecraft:carrots":33,"minecraft:acacia_wood":3,"minecraft:acacia_stairs":8,"minecraft:bell":1,"minecraft:bookshelf":3,"minecraft:potatoes":31,"minecraft:dirt_path":77,"minecraft:stone":14,"minecraft:orange_bed":5,"minecraft:cherry_planks":7,"minecraft:red_bed":6,"minecraft:smoker":1,"minecraft:crafting_table":2,"minecraft:torch":1,"minecraft:blast_furnace":1,"minecraft:poppy":1,"minecraft:melon":20,"minecraft:rose_bush":2,"minecraft:lectern":1,"minecraft:tall_grass":2,"minecraft:grindstone":1,"minecraft:sugar_cane":12,"minecraft:oak_planks":2,"minecraft:birch_log":14,"minecraft:wheat":51,"minecraft:white_carpet":1,"minecraft:birch_leaves":10,"minecraft:grass":63,"minecraft:oak_log":75,"minecraft:beetroots":2,"minecraft:sunflower":2,"minecraft:gravel":75,"minecraft:dirt":110,"minecraft:stonecutter":1,"minecraft:oak_leaves":15,"minecraft:fern":2},"minecraft:custom":{"minecraft:mob_kills":32,"minecraft:interact_with_crafting_table":25,"minecraft:bell_ring":18,"minecraft:leave_game":7,"minecraft:time_since_death":202524,"minecraft:climb_one_cm":1002,"minecraft:sprint_one_cm":418580,"minecraft:walk_one_cm":291322,"minecraft:drop":12,"minecraft:talked_to_villager":54,"minecraft:play_time":204477,"minecraft:deaths":1,"minecraft:sneak_time":10448,"minecraft:walk_under_water_one_cm":5115,"minecraft:boat_one_cm":204143,"minecraft:jump":2354,"minecraft:walk_on_water_one_cm":9563,"minecraft:total_world_time":204477,"minecraft:interact_with_furnace":17,"minecraft:traded_with_villager":159,"minecraft:sleep_in_bed":9,"minecraft:time_since_rest":6201,"minecraft:damage_taken":1452,"minecraft:damage_dealt":10819,"minecraft:swim_one_cm":15822,"minecraft:fly_one_cm":396949,"minecraft:open_chest":104,"minecraft:crouch_one_cm":3793,"minecraft:fall_one_cm":59960},"minecraft:used":{"minecraft:cherry_sapling":3,"minecraft:stone_shovel":262,"minecraft:poppy":11,"minecraft:iron_sword":117,"minecraft:bell":1,"minecraft:rotten_flesh":2,"minecraft:orange_bed":5,"minecraft:torch":1,"minecraft:dirt":111,"minecraft:mutton":3,"minecraft:white_carpet":1,"minecraft:carrot":74,"minecraft:diamond_helmet":1,"minecraft:birch_sapling":1,"minecraft:oak_sapling":1,"minecraft:acacia_wood":1,"minecraft:potato":61,"minecraft:wheat_seeds":36,"minecraft:cooked_mutton":7,"minecraft:water_bucket":13,"minecraft:oak_planks":1,"minecraft:wooden_pickaxe":42,"minecraft:cherry_planks":8,"minecraft:composter":4,"minecraft:diamond_axe":32,"minecraft:fletching_table":4,"minecraft:crafting_table":3,"minecraft:red_bed":6,"minecraft:white_bed":2,"minecraft:diamond_shovel":43,"minecraft:sunflower":1,"minecraft:melon_slice":82,"minecraft:iron_pickaxe":53,"minecraft:cherry_sign":1,"minecraft:gravel":63,"minecraft:stone_axe":237,"minecraft:pink_bed":2,"minecraft:diamond_sword":39,"minecraft:bucket":13,"minecraft:oak_boat":6,"minecraft:dandelion":1,"minecraft:bone_meal":51},"minecraft:picked_up":{"minecraft:crafting_table":2,"minecraft:chicken":2,"minecraft:brewing_stand":1,"minecraft:red_bed":6,"minecraft:white_carpet":1,"minecraft:cartography_table":3,"minecraft:bucket":1,"minecraft:spruce_planks":38,"minecraft:beef":6,"minecraft:oak_boat":7,"minecraft:rose_bush":2,"minecraft:poppy":12,"minecraft:light_gray_wool":1,"minecraft:lectern":1,"minecraft:sugar_cane":24,"minecraft:melon_slice":104,"minecraft:birch_sapling":8,"minecraft:egg":1,"minecraft:stick":35,"minecraft:composter":3,"minecraft:torch":1,"minecraft:acacia_log":10,"minecraft:cherry_log":172,"minecraft:carrot":88,"minecraft:orange_bed":5,"minecraft:arrow":2,"minecraft:rotten_flesh":2,"minecraft:beetroot_seeds":2,"minecraft:hay_block":4,"minecraft:mutton":19,"minecraft:white_wool":12,"minecraft:cobblestone":14,"minecraft:oxeye_daisy":1,"minecraft:birch_log":14,"minecraft:feather":1,"minecraft:cherry_planks":51,"minecraft:leather":7,"minecraft:potato":79,"minecraft:smoker":1,"minecraft:acacia_wood":3,"minecraft:flint":8,"minecraft:oak_log":70,"minecraft:dirt":298,"minecraft:bone":2,"minecraft:apple":2,"minecraft:stonecutter":1,"minecraft:bow":1,"minecraft:wheat_seeds":61,"minecraft:bell":1,"minecraft:grindstone":1,"minecraft:iron_ingot":39,"minecraft:cherry_sign":1,"minecraft:oak_planks":2,"minecraft:book":9,"minecraft:pink_bed":2,"minecraft:dandelion":1,"minecraft:gravel":109,"minecraft:blast_furnace":1,"minecraft:white_bed":1,"minecraft:spruce_log":362,"minecraft:acacia_stairs":8,"minecraft:spider_eye":1,"minecraft:crossbow":3,"minecraft:bone_meal":33,"minecraft:cherry_sapling":33,"minecraft:acacia_slab":2,"minecraft:oak_sapling":19,"minecraft:melon_seeds":2,"minecraft:sunflower":1}},"DataVersion":3465}