{"stats":{"minecraft:killed":{"minecraft:spider":1,"minecraft:iron_golem":6,"minecraft:sheep":13,"minecraft:skeleton":1,"minecraft:chicken":2,"minecraft:cow":3},"minecraft:dropped":{"minecraft:wheat_seeds":1,"minecraft:bucket":1},"minecraft:crafted":{"minecraft:cherry_planks":176,"minecraft:red_dye":4,"minecraft:oak_planks":108,"minecraft:stone_shovel":2,"minecraft:emerald":10,"minecraft:crafting_table":1,"minecraft:cherry_slab":114,"minecraft:pink_bed":4,"minecraft:wooden_pickaxe":1,"minecraft:iron_sword":1,"minecraft:red_bed":1,"minecraft:red_wool":3,"minecraft:pink_dye":4,"minecraft:bone_meal":21,"minecraft:fletching_table":4,"minecraft:bucket":1,"minecraft:birch_planks":28,"minecraft:stone_axe":2,"minecraft:cooked_mutton":24,"minecraft:air":0,"minecraft:cherry_trapdoor":4,"minecraft:oak_boat":1,"minecraft:bow":5,"minecraft:stick":364,"minecraft:iron_pickaxe":1,"minecraft:white_bed":3,"minecraft:composter":2,"minecraft:acacia_planks":40},"minecraft:picked_up":{"minecraft:birch_log":7,"minecraft:crafting_table":2,"minecraft:feather":1,"minecraft:chicken":2,"minecraft:cherry_planks":48,"minecraft:leather":5,"minecraft:smoker":1,"minecraft:acacia_wood":3,"minecraft:flint":8,"minecraft:oak_log":9,"minecraft:dirt":254,"minecraft:red_bed":6,"minecraft:bone":2,"minecraft:wheat_seeds":8,"minecraft:cartography_table":2,"minecraft:bucket":1,"minecraft:bell":1,"minecraft:beef":5,"minecraft:grindstone":1,"minecraft:iron_ingot":27,"minecraft:oak_boat":1,"minecraft:rose_bush":2,"minecraft:poppy":7,"minecraft:light_gray_wool":1,"minecraft:melon_slice":102,"minecraft:birch_sapling":1,"minecraft:oak_planks":1,"minecraft:egg":1,"minecraft:pink_bed":1,"minecraft:stick":21,"minecraft:torch":1,"minecraft:acacia_log":10,"minecraft:gravel":109,"minecraft:cherry_log":44,"minecraft:orange_bed":5,"minecraft:arrow":2,"minecraft:rotten_flesh":2,"minecraft:cherry_sapling":33,"minecraft:oak_sapling":4,"minecraft:melon_seeds":2,"minecraft:mutton":19,"minecraft:white_wool":12,"minecraft:cobblestone":14},"minecraft:mined":{"minecraft:cherry_planks":4,"minecraft:red_bed":6,"minecraft:pink_bed":1,"minecraft:smoker":1,"minecraft:cherry_log":45,"minecraft:crafting_table":2,"minecraft:torch":1,"minecraft:acacia_log":12,"minecraft:grass_block":100,"minecraft:melon":20,"minecraft:rose_bush":2,"minecraft:tall_grass":1,"minecraft:grindstone":1,"minecraft:oak_planks":1,"minecraft:cartography_table":2,"minecraft:birch_log":7,"minecraft:wheat":1,"minecraft:acacia_wood":3,"minecraft:birch_leaves":10,"minecraft:bell":1,"minecraft:grass":37,"minecraft:oak_log":9,"minecraft:dirt_path":46,"minecraft:gravel":75,"minecraft:dirt":109,"minecraft:stone":14,"minecraft:oak_leaves":15,"minecraft:fern":2,"minecraft:orange_bed":5},"minecraft:killed_by":{"minecraft:zombie":1},"minecraft:used":{"minecraft:wheat_seeds":1,"minecraft:cooked_mutton":3,"minecraft:water_bucket":1,"minecraft:cherry_sapling":3,"minecraft:stone_shovel":262,"minecraft:poppy":6,"minecraft:wooden_pickaxe":42,"minecraft:cherry_planks":8,"minecraft:iron_sword":105,"minecraft:fletching_table":4,"minecraft:bell":1,"minecraft:rotten_flesh":2,"minecraft:orange_bed":5,"minecraft:torch":1,"minecraft:dirt":110,"minecraft:mutton":3,"minecraft:crafting_table":3,"minecraft:red_bed":6,"minecraft:melon_slice":46,"minecraft:birch_sapling":1,"minecraft:gravel":63,"minecraft:stone_axe":157,"minecraft:pink_bed":2,"minecraft:oak_sapling":1,"minecraft:bucket":1,"minecraft:acacia_wood":1,"minecraft:oak_boat":1,"minecraft:bone_meal":18},"minecraft:broken":{"minecraft:stone_axe":1,"minecraft:stone_shovel":2,"minecraft:wooden_pickaxe":1},"minecraft:custom":{"minecraft:interact_with_furnace":15,"minecraft:mob_kills":27,"minecraft:traded_with_villager":15,"minecraft:interact_with_crafting_table":22,"minecraft:bell_ring":18,"minecraft:climb_one_cm":1002,"minecraft:leave_game":3,"minecraft:time_since_death":89791,"minecraft:sleep_in_bed":5,"minecraft:time_since_rest":157,"minecraft:sprint_one_cm":204988,"minecraft:damage_taken":972,"minecraft:walk_one_cm":148449,"minecraft:drop":2,"minecraft:damage_dealt":8019,"minecraft:swim_one_cm":14191,"minecraft:talked_to_villager":8,"minecraft:fly_one_cm":157370,"minecraft:open_chest":45,"minecraft:crouch_one_cm":745,"minecraft:play_time":91744,"minecraft:deaths":1,"minecraft:sneak_time":6631,"minecraft:walk_under_water_one_cm":3922,"minecraft:boat_one_cm":25036,"minecraft:jump":1100,"minecraft:walk_on_water_one_cm":2791,"minecraft:total_world_time":91744,"minecraft:fall_one_cm":25604}},"DataVersion":3465}