{"stats":{"minecraft:dropped":{"minecraft:oak_sapling":5},"minecraft:crafted":{"minecraft:oak_planks":24,"minecraft:crafting_table":1,"minecraft:stick":4,"minecraft:wooden_pickaxe":1,"minecraft:white_bed":1,"minecraft:stone_axe":1},"minecraft:killed":{"minecraft:sheep":10,"minecraft:pig":3,"minecraft:chicken":5,"minecraft:spider":1},"minecraft:mined":{"minecraft:crafting_table":3,"minecraft:grass":4,"minecraft:oak_log":42,"minecraft:coal_ore":6,"minecraft:tall_grass":1,"minecraft:stone":11,"minecraft:oak_leaves":7},"minecraft:custom":{"minecraft:time_since_rest":25344,"minecraft:sprint_one_cm":57534,"minecraft:damage_taken":130,"minecraft:walk_one_cm":51248,"minecraft:mob_kills":19,"minecraft:drop":1,"minecraft:damage_dealt":1469,"minecraft:swim_one_cm":2851,"minecraft:interact_with_crafting_table":4,"minecraft:fly_one_cm":95973,"minecraft:crouch_one_cm":31,"minecraft:play_time":25344,"minecraft:sneak_time":11,"minecraft:walk_under_water_one_cm":5024,"minecraft:jump":482,"minecraft:leave_game":3,"minecraft:walk_on_water_one_cm":3544,"minecraft:time_since_death":25344,"minecraft:total_world_time":25344,"minecraft:fall_one_cm":13761},"minecraft:used":{"minecraft:chicken":3,"minecraft:wooden_pickaxe":17,"minecraft:stone_axe":76,"minecraft:crafting_table":3,"minecraft:oak_sapling":2,"minecraft:porkchop":7,"minecraft:egg":1},"minecraft:picked_up":{"minecraft:stick":3,"minecraft:crafting_table":3,"minecraft:feather":7,"minecraft:chicken":5,"minecraft:porkchop":7,"minecraft:oak_log":38,"minecraft:spider_eye":1,"minecraft:string":1,"minecraft:oak_sapling":7,"minecraft:mutton":13,"minecraft:coal":6,"minecraft:white_wool":9,"minecraft:cobblestone":11,"minecraft:egg":1}},"DataVersion":3465}