{"stats":{"minecraft:killed_by":{"minecraft:skeleton":2,"minecraft:zombie":1},"minecraft:picked_up":{"minecraft:crafting_table":10,"minecraft:iron_chestplate":2,"minecraft:wheat":597,"minecraft:azure_bluet":1,"minecraft:chainmail_boots":1,"minecraft:smithing_table":5,"minecraft:cornflower":4,"minecraft:string":2,"minecraft:raw_copper":8,"minecraft:soul_soil":1,"minecraft:iron_axe":13,"minecraft:flint_and_steel":1,"minecraft:cobbled_deepslate":4,"minecraft:spruce_planks":73,"minecraft:light_weighted_pressure_plate":1,"minecraft:beef":5,"minecraft:cobblestone_slab":1,"minecraft:iron_nugget":14,"minecraft:poppy":6,"minecraft:light_gray_wool":4,"minecraft:lectern":4,"minecraft:melon_slice":4,"minecraft:chest":4,"minecraft:furnace":3,"minecraft:egg":5,"minecraft:raw_iron":32,"minecraft:stick":754,"minecraft:acacia_fence":8,"minecraft:torch":5,"minecraft:bowl":1,"minecraft:cherry_log":1295,"minecraft:cookie":67,"minecraft:diorite":21,"minecraft:carrot":59,"minecraft:stone_sword":1,"minecraft:arrow":67,"minecraft:stone_shovel":1,"minecraft:rotten_flesh":9,"minecraft:cooked_cod":2,"minecraft:hay_block":6,"minecraft:mutton":29,"minecraft:white_wool":14,"minecraft:cod":7,"minecraft:bone_block":11,"minecraft:cobblestone":402,"minecraft:oxeye_daisy":6,"minecraft:pink_petals":87,"minecraft:cherry_planks":47,"minecraft:golden_carrot":3,"minecraft:andesite":2,"minecraft:leather":4,"minecraft:acacia_wood":19,"minecraft:potato":64,"minecraft:flint":17,"minecraft:tuff":3,"minecraft:oak_log":115,"minecraft:gunpowder":4,"minecraft:blue_bed":2,"minecraft:lapis_lazuli":28,"minecraft:dirt":537,"minecraft:bone":9,"minecraft:apple":35,"minecraft:kelp":73,"minecraft:bow":1,"minecraft:wheat_seeds":1747,"minecraft:iron_ingot":11,"minecraft:grindstone":1,"minecraft:stone_pickaxe":12,"minecraft:fletching_table":8,"minecraft:oak_planks":59,"minecraft:stone_hoe":1,"minecraft:soul_sand":15,"minecraft:book":3,"minecraft:dandelion":17,"minecraft:gravel":128,"minecraft:spruce_sapling":349,"minecraft:white_bed":8,"minecraft:spruce_log":2715,"minecraft:stone_axe":6,"minecraft:spruce_boat":2,"minecraft:crossbow":12,"minecraft:granite":1,"minecraft:cherry_sapling":790,"minecraft:bone_meal":6,"minecraft:gray_wool":1,"minecraft:bread":82,"minecraft:golden_horse_armor":2,"minecraft:emerald":40,"minecraft:oak_sapling":35,"minecraft:netherrack":7,"minecraft:melon_seeds":17,"minecraft:coal":30,"minecraft:sunflower":1},"minecraft:mined":{"minecraft:tuff":3,"minecraft:white_bed":7,"minecraft:attached_melon_stem":3,"minecraft:oak_sapling":1,"minecraft:cherry_log":1331,"minecraft:cherry_sapling":9,"minecraft:granite":1,"minecraft:grass_block":429,"minecraft:soul_soil":1,"minecraft:spruce_leaves":21,"minecraft:kelp":1,"minecraft:oxeye_daisy":4,"minecraft:hay_block":6,"minecraft:spruce_sapling":24,"minecraft:furnace":3,"minecraft:carrots":24,"minecraft:iron_ore":29,"minecraft:fire":3,"minecraft:acacia_wood":19,"minecraft:andesite":2,"minecraft:deepslate_lapis_ore":5,"minecraft:fletching_table":8,"minecraft:azure_bluet":1,"minecraft:bookshelf":1,"minecraft:potatoes":37,"minecraft:cobblestone_slab":1,"minecraft:deepslate_iron_ore":3,"minecraft:stone":307,"minecraft:bone_block":11,"minecraft:smithing_table":5,"minecraft:podzol":9,"minecraft:glass_pane":6,"minecraft:cherry_planks":6,"minecraft:soul_sand":15,"minecraft:kelp_plant":23,"minecraft:melon_stem":6,"minecraft:soul_fire":1,"minecraft:dandelion":9,"minecraft:cornflower":1,"minecraft:crafting_table":10,"minecraft:poppy":1,"minecraft:melon":1,"minecraft:chest":8,"minecraft:lectern":4,"minecraft:copper_ore":2,"minecraft:tall_grass":12,"minecraft:cobblestone":12,"minecraft:grindstone":1,"minecraft:oak_planks":3,"minecraft:blue_bed":2,"minecraft:wall_torch":2,"minecraft:diorite":21,"minecraft:pink_petals":20,"minecraft:wheat":648,"minecraft:spruce_log":2739,"minecraft:grass":212,"minecraft:coal_ore":30,"minecraft:oak_log":117,"minecraft:acacia_fence":8,"minecraft:gravel":145,"minecraft:sunflower":2,"minecraft:dirt":75,"minecraft:netherrack":9,"minecraft:oak_leaves":96,"minecraft:deepslate":4},"minecraft:used":{"minecraft:cherry_boat":4,"minecraft:stone_sword":3,"minecraft:flint_and_steel":7,"minecraft:stone_shovel":388,"minecraft:chest":24,"minecraft:shield":15,"minecraft:stone_hoe":794,"minecraft:torch":68,"minecraft:dirt":253,"minecraft:carrot":73,"minecraft:golden_shovel":32,"minecraft:milk_bucket":1,"minecraft:spruce_boat":2,"minecraft:lava_bucket":9,"minecraft:bookshelf":1,"minecraft:iron_axe":3384,"minecraft:cherry_slab":6,"minecraft:golden_carrot":9,"minecraft:bow":44,"minecraft:oak_sapling":22,"minecraft:furnace":5,"minecraft:cooked_cod":7,"minecraft:egg":1,"minecraft:potato":85,"minecraft:cooked_beef":3,"minecraft:light_gray_bed":1,"minecraft:wheat_seeds":896,"minecraft:cooked_mutton":17,"minecraft:water_bucket":57,"minecraft:oak_planks":4,"minecraft:sugar_cane":24,"minecraft:stone_pickaxe":219,"minecraft:blue_bed":3,"minecraft:wooden_pickaxe":3,"minecraft:diamond_axe":485,"minecraft:fletching_table":8,"minecraft:cherry_planks":57,"minecraft:cobblestone_slab":8,"minecraft:blast_furnace":1,"minecraft:crafting_table":15,"minecraft:crossbow":16,"minecraft:white_bed":11,"minecraft:diamond_pickaxe":11,"minecraft:apple":2,"minecraft:diamond_shovel":60,"minecraft:iron_pickaxe":229,"minecraft:bread":40,"minecraft:suspicious_stew":7,"minecraft:lectern":5,"minecraft:cherry_sign":5,"minecraft:gravel":74,"minecraft:spruce_sapling":331,"minecraft:stone_axe":651,"minecraft:pink_petals":64,"minecraft:fire_charge":1,"minecraft:diamond_sword":1,"minecraft:cobblestone":24,"minecraft:grindstone":1,"minecraft:smithing_table":6,"minecraft:bucket":68,"minecraft:bone_meal":9,"minecraft:cherry_sapling":130},"minecraft:killed":{"minecraft:spider":1,"minecraft:cod":7,"minecraft:horse":1,"minecraft:skeleton":3,"minecraft:zombie_villager":1,"minecraft:iron_golem":4,"minecraft:creeper":3,"minecraft:sheep":19,"minecraft:pillager":4,"minecraft:zombie":10,"minecraft:enderman":1,"minecraft:cow":4},"minecraft:broken":{"minecraft:golden_shovel":1,"minecraft:stone_hoe":4,"minecraft:iron_axe":6,"minecraft:stone_axe":4,"minecraft:stone_shovel":2},"minecraft:custom":{"minecraft:interact_with_smithing_table":2,"minecraft:mob_kills":59,"minecraft:animals_bred":10,"minecraft:interact_with_crafting_table":101,"minecraft:leave_game":14,"minecraft:time_since_death":187569,"minecraft:climb_one_cm":516,"minecraft:sprint_one_cm":1478294,"minecraft:walk_one_cm":1362182,"minecraft:damage_blocked_by_shield":885,"minecraft:drop":823,"minecraft:talked_to_villager":356,"minecraft:play_time":541176,"minecraft:sneak_time":4255,"minecraft:deaths":3,"minecraft:walk_under_water_one_cm":10728,"minecraft:boat_one_cm":341,"minecraft:jump":7333,"minecraft:interact_with_blast_furnace":2,"minecraft:walk_on_water_one_cm":22539,"minecraft:total_world_time":541176,"minecraft:interact_with_furnace":44,"minecraft:traded_with_villager":1480,"minecraft:interact_with_grindstone":6,"minecraft:sleep_in_bed":36,"minecraft:time_since_rest":8661,"minecraft:damage_taken":2376,"minecraft:damage_dealt":6899,"minecraft:swim_one_cm":69177,"minecraft:fly_one_cm":1408594,"minecraft:open_chest":382,"minecraft:crouch_one_cm":8660,"minecraft:fall_one_cm":168937},"minecraft:crafted":{"minecraft:golden_carrot":54,"minecraft:cherry_planks":5124,"minecraft:cookie":144,"minecraft:smooth_stone":11,"minecraft:oak_planks":324,"minecraft:stone_shovel":5,"minecraft:cobblestone_slab":12,"minecraft:coal":9,"minecraft:cherry_slab":6,"minecraft:furnace":3,"minecraft:cherry_boat":4,"minecraft:stone":16,"minecraft:bone_meal":9,"minecraft:diamond_shovel":3,"minecraft:bookshelf":1,"minecraft:pink_dye":1,"minecraft:cooked_mutton":18,"minecraft:suspicious_stew":7,"minecraft:diamond_helmet":1,"minecraft:diamond_leggings":1,"minecraft:bow":8,"minecraft:iron_axe":128,"minecraft:melon_seeds":4,"minecraft:stone_pickaxe":59,"minecraft:tipped_arrow":60,"minecraft:chest":28,"minecraft:diamond_boots":1,"minecraft:spruce_boat":1,"minecraft:stone_hoe":9,"minecraft:chainmail_leggings":8,"minecraft:wheat":90,"minecraft:cooked_beef":4,"minecraft:coal_block":2,"minecraft:cooked_cod":5,"minecraft:crossbow":15,"minecraft:diamond_sword":3,"minecraft:arrow":384,"minecraft:emerald":1098,"minecraft:diamond_axe":5,"minecraft:crafting_table":7,"minecraft:spruce_planks":10860,"minecraft:iron_helmet":4,"minecraft:wooden_pickaxe":1,"minecraft:smithing_table":1,"minecraft:chainmail_chestplate":14,"minecraft:blue_bed":1,"minecraft:bucket":2,"minecraft:stone_axe":31,"minecraft:air":0,"minecraft:bread":215,"minecraft:light_gray_bed":1,"minecraft:blue_dye":1,"minecraft:apple":24,"minecraft:iron_chestplate":8,"minecraft:charcoal":16,"minecraft:cherry_sign":6,"minecraft:diamond_pickaxe":3,"minecraft:shield":2,"minecraft:stick":32316,"minecraft:flint":60,"minecraft:iron_ingot":3,"minecraft:chainmail_boots":12,"minecraft:iron_pickaxe":1,"minecraft:stone_sword":1,"minecraft:iron_shovel":9,"minecraft:white_bed":6,"minecraft:acacia_planks":84,"minecraft:torch":52,"minecraft:diamond_chestplate":1},"minecraft:dropped":{"minecraft:stone_hoe":4,"minecraft:bread":214,"minecraft:wheat_seeds":355,"minecraft:cherry_log":128,"minecraft:cooked_beef":1,"minecraft:crossbow":27,"minecraft:iron_helmet":4,"minecraft:cookie":211,"minecraft:apple":28,"minecraft:flint":5,"minecraft:stick":107,"minecraft:oxeye_daisy":6,"minecraft:dirt":6,"minecraft:golden_carrot":3,"minecraft:cornflower":3,"minecraft:cherry_planks":45,"minecraft:sunflower":1,"minecraft:iron_axe":79,"minecraft:chainmail_leggings":8,"minecraft:iron_shovel":6,"minecraft:spruce_sapling":1,"minecraft:dandelion":17,"minecraft:gravel":37,"minecraft:stone_axe":7,"minecraft:soul_soil":1,"minecraft:bowl":8,"minecraft:pink_dye":1,"minecraft:wheat":2,"minecraft:stone_shovel":3,"minecraft:cherry_sapling":154,"minecraft:rotten_flesh":5,"minecraft:oak_planks":1,"minecraft:cooked_mutton":1,"minecraft:white_bed":1,"minecraft:chainmail_chestplate":14,"minecraft:poppy":6,"minecraft:cobblestone_slab":5,"minecraft:iron_chestplate":10,"minecraft:oak_sapling":9,"minecraft:chainmail_boots":13,"minecraft:bow":8,"minecraft:stone_pickaxe":21}},"DataVersion":3465}