{"stats":{"minecraft:used":{"minecraft:cherry_sapling":134,"minecraft:spruce_slab":14,"minecraft:chest":31,"minecraft:shield":19,"minecraft:bell":2,"minecraft:carrot":333,"minecraft:milk_bucket":1,"minecraft:spruce_boat":12,"minecraft:lava_bucket":9,"minecraft:bow":44,"minecraft:oak_sapling":22,"minecraft:furnace":5,"minecraft:cooked_cod":7,"minecraft:acacia_fence":3,"minecraft:egg":1,"minecraft:potato":197,"minecraft:stone_pickaxe":219,"minecraft:oak_planks":4,"minecraft:wooden_pickaxe":3,"minecraft:composter":1,"minecraft:sugar_cane":27,"minecraft:blue_bed":4,"minecraft:diamond_axe":2249,"minecraft:blast_furnace":2,"minecraft:crossbow":23,"minecraft:bread":40,"minecraft:lectern":13,"minecraft:cherry_sign":6,"minecraft:gravel":74,"minecraft:fire_charge":1,"minecraft:diamond_sword":26,"minecraft:grindstone":2,"minecraft:smithing_table":8,"minecraft:bone_meal":75,"minecraft:cherry_boat":21,"minecraft:stone_sword":3,"minecraft:flint_and_steel":7,"minecraft:stone_shovel":388,"minecraft:stone_hoe":880,"minecraft:orange_bed":6,"minecraft:torch":111,"minecraft:dirt":1166,"minecraft:golden_shovel":32,"minecraft:bookshelf":1,"minecraft:iron_axe":3384,"minecraft:cherry_slab":10,"minecraft:cherry_trapdoor":61,"minecraft:golden_carrot":31,"minecraft:minecart":2,"minecraft:cooked_beef":3,"minecraft:light_gray_bed":2,"minecraft:wheat_seeds":1335,"minecraft:cooked_mutton":17,"minecraft:acacia_boat":10,"minecraft:water_bucket":65,"minecraft:cherry_planks":57,"minecraft:fletching_table":15,"minecraft:cobblestone_slab":8,"minecraft:rail":7,"minecraft:crafting_table":15,"minecraft:red_bed":2,"minecraft:white_bed":17,"minecraft:diamond_pickaxe":81,"minecraft:apple":2,"minecraft:diamond_shovel":876,"minecraft:iron_pickaxe":229,"minecraft:suspicious_stew":7,"minecraft:spruce_sapling":501,"minecraft:stone_axe":651,"minecraft:pink_petals":64,"minecraft:cobblestone":24,"minecraft:bucket":76},"minecraft:dropped":{"minecraft:cooked_beef":1,"minecraft:oak_log":1,"minecraft:crossbow":29,"minecraft:cookie":211,"minecraft:leather":1,"minecraft:brown_banner":4,"minecraft:flint":5,"minecraft:dirt":10,"minecraft:cornflower":3,"minecraft:sunflower":1,"minecraft:bone_meal":46,"minecraft:acacia_door":2,"minecraft:bone":1,"minecraft:gravel":37,"minecraft:stone_axe":7,"minecraft:pink_dye":1,"minecraft:wheat":13,"minecraft:cherry_sapling":154,"minecraft:rotten_flesh":8,"minecraft:oak_planks":1,"minecraft:cooked_mutton":1,"minecraft:white_bed":1,"minecraft:acacia_stairs":16,"minecraft:carrot":159,"minecraft:chainmail_chestplate":14,"minecraft:poppy":7,"minecraft:acacia_slab":19,"minecraft:acacia_sapling":8,"minecraft:chainmail_boots":13,"minecraft:chest":1,"minecraft:spruce_slab":60,"minecraft:arrow":2,"minecraft:beef":1,"minecraft:acacia_fence":12,"minecraft:stone_hoe":7,"minecraft:bread":259,"minecraft:wheat_seeds":601,"minecraft:cherry_log":128,"minecraft:iron_helmet":4,"minecraft:apple":28,"minecraft:stick":267,"minecraft:oxeye_daisy":6,"minecraft:golden_carrot":3,"minecraft:cherry_planks":49,"minecraft:iron_axe":79,"minecraft:iron_shovel":6,"minecraft:chainmail_leggings":8,"minecraft:pink_petals":3,"minecraft:acacia_planks":7,"minecraft:spruce_sapling":1,"minecraft:dandelion":17,"minecraft:soul_soil":1,"minecraft:bowl":8,"minecraft:stone_shovel":3,"minecraft:tall_grass":2,"minecraft:cobblestone_slab":5,"minecraft:orange_terracotta":31,"minecraft:iron_chestplate":10,"minecraft:oak_sapling":9,"minecraft:spruce_log":383,"minecraft:stone_pickaxe":22,"minecraft:bow":8},"minecraft:picked_up":{"minecraft:iron_chestplate":2,"minecraft:wheat":967,"minecraft:chainmail_boots":1,"minecraft:smithing_table":7,"minecraft:string":6,"minecraft:soul_soil":1,"minecraft:raw_copper":8,"minecraft:cherry_boat":17,"minecraft:cobbled_deepslate":4,"minecraft:spruce_planks":73,"minecraft:light_weighted_pressure_plate":1,"minecraft:cobblestone_slab":1,"minecraft:melon_slice":18,"minecraft:furnace":3,"minecraft:stick":902,"minecraft:acacia_fence":23,"minecraft:composter":1,"minecraft:acacia_log":38,"minecraft:torch":36,"minecraft:cherry_log":1389,"minecraft:diorite":21,"minecraft:orange_bed":6,"minecraft:stone_sword":1,"minecraft:rotten_flesh":12,"minecraft:light_gray_bed":1,"minecraft:cod":7,"minecraft:cobblestone":406,"minecraft:pink_petals":90,"minecraft:cherry_planks":51,"minecraft:andesite":2,"minecraft:potato":213,"minecraft:flint":17,"minecraft:tuff":3,"minecraft:acacia_boat":8,"minecraft:lapis_lazuli":28,"minecraft:dirt":1430,"minecraft:bone":13,"minecraft:acacia_planks":36,"minecraft:bow":1,"minecraft:wheat_seeds":2920,"minecraft:bell":2,"minecraft:grindstone":2,"minecraft:fletching_table":15,"minecraft:stone_hoe":3,"minecraft:oak_planks":59,"minecraft:acacia_stairs":53,"minecraft:spruce_boat":11,"minecraft:crossbow":12,"minecraft:granite":1,"minecraft:bone_meal":19,"minecraft:emerald":40,"minecraft:golden_horse_armor":2,"minecraft:bread":85,"minecraft:oak_sapling":35,"minecraft:cherry_slab":3,"minecraft:netherrack":7,"minecraft:crafting_table":11,"minecraft:azure_bluet":1,"minecraft:cornflower":4,"minecraft:red_bed":2,"minecraft:iron_axe":17,"minecraft:acacia_door":2,"minecraft:flint_and_steel":1,"minecraft:iron_shovel":1,"minecraft:beef":5,"minecraft:minecart":2,"minecraft:light_gray_wool":4,"minecraft:iron_nugget":14,"minecraft:poppy":7,"minecraft:spruce_slab":67,"minecraft:lectern":12,"minecraft:sugar_cane":35,"minecraft:chest":11,"minecraft:cherry_trapdoor":38,"minecraft:egg":5,"minecraft:raw_iron":32,"minecraft:bowl":1,"minecraft:cookie":67,"minecraft:carrot":508,"minecraft:cooked_cod":2,"minecraft:arrow":71,"minecraft:stone_shovel":1,"minecraft:hay_block":6,"minecraft:yellow_terracotta":19,"minecraft:mutton":29,"minecraft:rail":7,"minecraft:bone_block":11,"minecraft:white_wool":14,"minecraft:oxeye_daisy":6,"minecraft:golden_carrot":3,"minecraft:leather":4,"minecraft:acacia_wood":46,"minecraft:oak_log":116,"minecraft:gunpowder":5,"minecraft:blue_bed":3,"minecraft:orange_terracotta":31,"minecraft:apple":35,"minecraft:kelp":73,"minecraft:iron_ingot":47,"minecraft:stone_pickaxe":12,"minecraft:tall_grass":2,"minecraft:acacia_sapling":8,"minecraft:soul_sand":15,"minecraft:book":3,"minecraft:dandelion":17,"minecraft:gravel":128,"minecraft:spruce_sapling":519,"minecraft:blast_furnace":1,"minecraft:white_bed":14,"minecraft:spruce_log":4067,"minecraft:spider_eye":2,"minecraft:stone_axe":6,"minecraft:cherry_sapling":865,"minecraft:gray_wool":1,"minecraft:brown_banner":4,"minecraft:acacia_slab":19,"minecraft:melon_seeds":19,"minecraft:coal":30,"minecraft:sunflower":1},"minecraft:killed_by":{"minecraft:zombie":1,"minecraft:skeleton":2},"minecraft:mined":{"minecraft:attached_melon_stem":3,"minecraft:white_bed":13,"minecraft:oak_sapling":1,"minecraft:farmland":19,"minecraft:cherry_log":1427,"minecraft:cherry_trapdoor":40,"minecraft:granite":1,"minecraft:acacia_log":42,"minecraft:grass_block":874,"minecraft:light_gray_bed":1,"minecraft:soul_soil":1,"minecraft:composter":1,"minecraft:oxeye_daisy":4,"minecraft:iron_ore":29,"minecraft:fire":3,"minecraft:fletching_table":15,"minecraft:deepslate_lapis_ore":5,"minecraft:azure_bluet":1,"minecraft:dirt_path":21,"minecraft:spruce_slab":6,"minecraft:orange_bed":6,"minecraft:red_bed":2,"minecraft:kelp_plant":23,"minecraft:melon_stem":6,"minecraft:soul_fire":1,"minecraft:orange_terracotta":31,"minecraft:torch":14,"minecraft:blast_furnace":1,"minecraft:poppy":2,"minecraft:melon":4,"minecraft:chest":15,"minecraft:cobblestone":12,"minecraft:grindstone":2,"minecraft:sugar_cane":25,"minecraft:oak_planks":3,"minecraft:wall_torch":5,"minecraft:cherry_slab":3,"minecraft:pink_petals":21,"minecraft:wheat":1032,"minecraft:brown_wall_banner":3,"minecraft:grass":350,"minecraft:oak_log":117,"minecraft:acacia_fence":23,"minecraft:dirt":480,"minecraft:netherrack":9,"minecraft:oak_leaves":96,"minecraft:deepslate":4,"minecraft:yellow_terracotta":19,"minecraft:tuff":3,"minecraft:cherry_sapling":9,"minecraft:spruce_leaves":26,"minecraft:acacia_slab":10,"minecraft:kelp":1,"minecraft:hay_block":6,"minecraft:spruce_sapling":39,"minecraft:furnace":3,"minecraft:carrots":148,"minecraft:acacia_wood":46,"minecraft:acacia_stairs":55,"minecraft:andesite":2,"minecraft:bell":2,"minecraft:bookshelf":1,"minecraft:potatoes":84,"minecraft:deepslate_iron_ore":3,"minecraft:cobblestone_slab":1,"minecraft:rail":7,"minecraft:stone":311,"minecraft:bone_block":11,"minecraft:podzol":11,"minecraft:smithing_table":7,"minecraft:glass_pane":13,"minecraft:cherry_planks":10,"minecraft:soul_sand":15,"minecraft:dandelion":9,"minecraft:crafting_table":11,"minecraft:cornflower":1,"minecraft:lectern":12,"minecraft:tall_grass":14,"minecraft:copper_ore":2,"minecraft:diorite":21,"minecraft:blue_bed":3,"minecraft:spruce_log":4092,"minecraft:coal_ore":30,"minecraft:sunflower":2,"minecraft:gravel":145,"minecraft:acacia_door":2,"minecraft:acacia_planks":36},"minecraft:custom":{"minecraft:animals_bred":47,"minecraft:interact_with_crafting_table":129,"minecraft:bell_ring":2,"minecraft:leave_game":19,"minecraft:time_since_death":481831,"minecraft:sprint_one_cm":2090999,"minecraft:damage_blocked_by_shield":1530,"minecraft:drop":1433,"minecraft:talked_to_villager":409,"minecraft:play_time":835438,"minecraft:deaths":3,"minecraft:jump":10118,"minecraft:walk_on_water_one_cm":25215,"minecraft:interact_with_furnace":52,"minecraft:traded_with_villager":1539,"minecraft:sleep_in_bed":55,"minecraft:damage_dealt":8341,"minecraft:crouch_one_cm":25418,"minecraft:interact_with_smithing_table":2,"minecraft:mob_kills":69,"minecraft:climb_one_cm":516,"minecraft:walk_one_cm":2355941,"minecraft:sneak_time":9596,"minecraft:walk_under_water_one_cm":10728,"minecraft:boat_one_cm":66022,"minecraft:interact_with_blast_furnace":2,"minecraft:total_world_time":835438,"minecraft:interact_with_grindstone":6,"minecraft:time_since_rest":9723,"minecraft:damage_taken":3060,"minecraft:swim_one_cm":69177,"minecraft:fly_one_cm":1955376,"minecraft:open_chest":577,"minecraft:fall_one_cm":214260},"minecraft:broken":{"minecraft:golden_shovel":1,"minecraft:stone_axe":4,"minecraft:stone_shovel":2,"minecraft:stone_hoe":4,"minecraft:iron_axe":6},"minecraft:crafted":{"minecraft:oak_planks":324,"minecraft:smooth_stone":11,"minecraft:cobblestone_slab":12,"minecraft:cherry_slab":18,"minecraft:cherry_boat":4,"minecraft:stone":16,"minecraft:diamond_shovel":3,"minecraft:bookshelf":2,"minecraft:cooked_mutton":18,"minecraft:suspicious_stew":7,"minecraft:diamond_helmet":1,"minecraft:bow":8,"minecraft:diamond_leggings":1,"minecraft:melon_seeds":4,"minecraft:tipped_arrow":60,"minecraft:chest":31,"minecraft:rail":16,"minecraft:stone_hoe":11,"minecraft:emerald":1155,"minecraft:arrow":384,"minecraft:diamond_axe":5,"minecraft:crafting_table":7,"minecraft:spruce_planks":11728,"minecraft:wooden_pickaxe":1,"minecraft:iron_helmet":4,"minecraft:chainmail_chestplate":14,"minecraft:smithing_table":1,"minecraft:light_gray_bed":1,"minecraft:apple":24,"minecraft:lectern":1,"minecraft:diamond_pickaxe":3,"minecraft:iron_chestplate":8,"minecraft:cherry_sign":6,"minecraft:paper":30,"minecraft:charcoal":19,"minecraft:shield":2,"minecraft:stick":34244,"minecraft:iron_ingot":3,"minecraft:iron_pickaxe":1,"minecraft:stone_sword":1,"minecraft:golden_carrot":54,"minecraft:cherry_planks":5572,"minecraft:cookie":144,"minecraft:coal":9,"minecraft:stone_shovel":5,"minecraft:furnace":3,"minecraft:bone_meal":108,"minecraft:pink_dye":1,"minecraft:cherry_trapdoor":108,"minecraft:iron_axe":128,"minecraft:spruce_slab":72,"minecraft:stone_pickaxe":59,"minecraft:diamond_boots":1,"minecraft:spruce_boat":2,"minecraft:chainmail_leggings":8,"minecraft:minecart":1,"minecraft:wheat":90,"minecraft:cooked_beef":4,"minecraft:coal_block":2,"minecraft:cooked_cod":5,"minecraft:crossbow":15,"minecraft:diamond_sword":3,"minecraft:blue_bed":1,"minecraft:bucket":2,"minecraft:stone_axe":31,"minecraft:enchanted_book":1,"minecraft:acacia_boat":5,"minecraft:bread":257,"minecraft:air":0,"minecraft:blue_dye":1,"minecraft:flint":60,"minecraft:chainmail_boots":12,"minecraft:iron_shovel":9,"minecraft:white_bed":6,"minecraft:acacia_planks":252,"minecraft:torch":64,"minecraft:diamond_chestplate":1},"minecraft:killed":{"minecraft:spider":3,"minecraft:cod":7,"minecraft:skeleton":7,"minecraft:zombie_villager":1,"minecraft:iron_golem":4,"minecraft:creeper":4,"minecraft:sheep":19,"minecraft:pillager":4,"minecraft:zombie":12,"minecraft:cow":4,"minecraft:horse":1,"minecraft:enderman":1}},"DataVersion":3465}