{"stats":{"minecraft:picked_up":{"minecraft:crafting_table":9,"minecraft:wheat":197,"minecraft:azure_bluet":1,"minecraft:cornflower":4,"minecraft:flint_and_steel":1,"minecraft:light_weighted_pressure_plate":1,"minecraft:beef":2,"minecraft:iron_nugget":14,"minecraft:poppy":2,"minecraft:light_gray_wool":4,"minecraft:melon_slice":4,"minecraft:chest":4,"minecraft:furnace":3,"minecraft:egg":3,"minecraft:stick":161,"minecraft:raw_iron":3,"minecraft:cherry_log":444,"minecraft:arrow":2,"minecraft:rotten_flesh":1,"minecraft:cooked_cod":2,"minecraft:hay_block":6,"minecraft:mutton":29,"minecraft:cod":7,"minecraft:cobblestone":141,"minecraft:white_wool":14,"minecraft:oxeye_daisy":6,"minecraft:pink_petals":86,"minecraft:leather":1,"minecraft:flint":5,"minecraft:oak_log":73,"minecraft:dirt":411,"minecraft:blue_bed":1,"minecraft:bone":7,"minecraft:apple":5,"minecraft:kelp":73,"minecraft:bow":1,"minecraft:wheat_seeds":646,"minecraft:grindstone":1,"minecraft:iron_ingot":8,"minecraft:fletching_table":8,"minecraft:oak_planks":59,"minecraft:dandelion":17,"minecraft:gravel":37,"minecraft:spruce_sapling":4,"minecraft:white_bed":8,"minecraft:spruce_log":10,"minecraft:granite":1,"minecraft:crossbow":10,"minecraft:bone_meal":3,"minecraft:cherry_sapling":282,"minecraft:gray_wool":1,"minecraft:golden_horse_armor":2,"minecraft:bread":45,"minecraft:oak_sapling":34,"minecraft:netherrack":7,"minecraft:melon_seeds":17,"minecraft:coal":18},"minecraft:mined":{"minecraft:attached_melon_stem":3,"minecraft:white_bed":7,"minecraft:oak_sapling":1,"minecraft:cherry_log":459,"minecraft:granite":1,"minecraft:grass_block":348,"minecraft:kelp":1,"minecraft:oxeye_daisy":4,"minecraft:hay_block":6,"minecraft:furnace":3,"minecraft:iron_ore":3,"minecraft:fire":3,"minecraft:fletching_table":8,"minecraft:azure_bluet":1,"minecraft:stone":131,"minecraft:glass_pane":6,"minecraft:kelp_plant":23,"minecraft:melon_stem":6,"minecraft:dandelion":9,"minecraft:crafting_table":9,"minecraft:cornflower":1,"minecraft:poppy":1,"minecraft:melon":1,"minecraft:chest":4,"minecraft:tall_grass":11,"minecraft:cobblestone":10,"minecraft:grindstone":1,"minecraft:oak_planks":3,"minecraft:blue_bed":1,"minecraft:pink_petals":19,"minecraft:wheat":215,"minecraft:spruce_log":10,"minecraft:grass":106,"minecraft:oak_log":75,"minecraft:coal_ore":18,"minecraft:gravel":42,"minecraft:dirt":56,"minecraft:netherrack":9,"minecraft:oak_leaves":94},"minecraft:killed":{"minecraft:cod":7,"minecraft:skeleton":2,"minecraft:horse":1,"minecraft:zombie_villager":1,"minecraft:iron_golem":3,"minecraft:sheep":19,"minecraft:zombie":3,"minecraft:cow":1},"minecraft:used":{"minecraft:cherry_sapling":84,"minecraft:flint_and_steel":2,"minecraft:stone_shovel":325,"minecraft:chest":19,"minecraft:shield":5,"minecraft:stone_hoe":362,"minecraft:torch":4,"minecraft:dirt":202,"minecraft:golden_shovel":32,"minecraft:lava_bucket":9,"minecraft:iron_axe":12,"minecraft:cherry_slab":4,"minecraft:bow":12,"minecraft:oak_sapling":22,"minecraft:furnace":5,"minecraft:cooked_cod":7,"minecraft:egg":1,"minecraft:light_gray_bed":1,"minecraft:wheat_seeds":392,"minecraft:cooked_mutton":17,"minecraft:water_bucket":34,"minecraft:stone_pickaxe":95,"minecraft:oak_planks":4,"minecraft:wooden_pickaxe":3,"minecraft:blue_bed":2,"minecraft:fletching_table":8,"minecraft:crafting_table":12,"minecraft:crossbow":2,"minecraft:white_bed":8,"minecraft:apple":2,"minecraft:bread":19,"minecraft:iron_pickaxe":91,"minecraft:cherry_sign":3,"minecraft:spruce_sapling":4,"minecraft:stone_axe":651,"minecraft:fire_charge":1,"minecraft:cobblestone":7,"minecraft:grindstone":1,"minecraft:bucket":44},"minecraft:crafted":{"minecraft:cherry_planks":1912,"minecraft:oak_planks":116,"minecraft:stone_shovel":4,"minecraft:cherry_slab":6,"minecraft:furnace":3,"minecraft:cooked_mutton":18,"minecraft:bow":8,"minecraft:iron_axe":24,"minecraft:melon_seeds":4,"minecraft:stone_pickaxe":1,"minecraft:chest":17,"minecraft:stone_hoe":6,"minecraft:wheat":54,"minecraft:coal_block":2,"minecraft:cooked_cod":5,"minecraft:crossbow":13,"minecraft:arrow":192,"minecraft:emerald":121,"minecraft:crafting_table":5,"minecraft:spruce_planks":40,"minecraft:wooden_pickaxe":1,"minecraft:blue_bed":1,"minecraft:bucket":2,"minecraft:stone_axe":6,"minecraft:bread":70,"minecraft:air":0,"minecraft:blue_dye":1,"minecraft:light_gray_bed":1,"minecraft:cherry_sign":3,"minecraft:charcoal":16,"minecraft:shield":1,"minecraft:stick":3708,"minecraft:iron_ingot":3,"minecraft:iron_pickaxe":1,"minecraft:white_bed":3,"minecraft:torch":16},"minecraft:dropped":{"minecraft:stone_hoe":1,"minecraft:bread":90,"minecraft:wheat_seeds":114,"minecraft:cherry_log":128,"minecraft:crossbow":22,"minecraft:flint":5,"minecraft:oxeye_daisy":6,"minecraft:cornflower":3,"minecraft:cherry_planks":44,"minecraft:dandelion":17,"minecraft:gravel":37,"minecraft:stone_axe":2,"minecraft:wheat":2,"minecraft:cherry_sapling":22,"minecraft:rotten_flesh":1,"minecraft:cooked_mutton":1,"minecraft:white_bed":1,"minecraft:poppy":2,"minecraft:oak_sapling":8,"minecraft:bow":8,"minecraft:stone_pickaxe":1},"minecraft:broken":{"minecraft:golden_shovel":1,"minecraft:stone_hoe":2,"minecraft:stone_axe":4,"minecraft:stone_shovel":2},"minecraft:custom":{"minecraft:mob_kills":38,"minecraft:interact_with_crafting_table":63,"minecraft:leave_game":12,"minecraft:time_since_death":263454,"minecraft:climb_one_cm":516,"minecraft:sprint_one_cm":725033,"minecraft:walk_one_cm":551161,"minecraft:damage_blocked_by_shield":300,"minecraft:drop":290,"minecraft:talked_to_villager":59,"minecraft:play_time":263454,"minecraft:sneak_time":2352,"minecraft:walk_under_water_one_cm":10070,"minecraft:jump":4006,"minecraft:walk_on_water_one_cm":17366,"minecraft:total_world_time":263454,"minecraft:interact_with_furnace":30,"minecraft:traded_with_villager":178,"minecraft:sleep_in_bed":13,"minecraft:time_since_rest":11408,"minecraft:damage_taken":907,"minecraft:damage_dealt":4460,"minecraft:swim_one_cm":69177,"minecraft:fly_one_cm":827610,"minecraft:open_chest":117,"minecraft:crouch_one_cm":4166,"minecraft:fall_one_cm":86570}},"DataVersion":3465}