{"stats":{"minecraft:killed":{"minecraft:zombie_villager":1,"minecraft:iron_golem":2,"minecraft:cod":7,"minecraft:horse":1,"minecraft:sheep":19,"minecraft:zombie":3},"minecraft:crafted":{"minecraft:cherry_planks":812,"minecraft:cooked_cod":5,"minecraft:oak_planks":116,"minecraft:stone_shovel":1,"minecraft:emerald":52,"minecraft:crafting_table":4,"minecraft:spruce_planks":40,"minecraft:wooden_pickaxe":1,"minecraft:furnace":3,"minecraft:bucket":1,"minecraft:stone_axe":6,"minecraft:bread":21,"minecraft:cooked_mutton":18,"minecraft:air":0,"minecraft:charcoal":16,"minecraft:shield":1,"minecraft:stick":1560,"minecraft:iron_ingot":3,"minecraft:stone_pickaxe":1,"minecraft:chest":9,"minecraft:white_bed":3,"minecraft:torch":16,"minecraft:wheat":54},"minecraft:dropped":{"minecraft:gravel":37,"minecraft:stone_axe":1,"minecraft:wheat_seeds":28,"minecraft:wheat":1,"minecraft:cherry_sapling":22,"minecraft:rotten_flesh":1,"minecraft:white_bed":1,"minecraft:flint":5,"minecraft:cherry_planks":44},"minecraft:picked_up":{"minecraft:pink_petals":86,"minecraft:crafting_table":8,"minecraft:wheat":11,"minecraft:leather":1,"minecraft:flint":5,"minecraft:oak_log":63,"minecraft:dirt":88,"minecraft:flint_and_steel":1,"minecraft:bone":5,"minecraft:apple":3,"minecraft:kelp":73,"minecraft:wheat_seeds":48,"minecraft:fletching_table":8,"minecraft:light_weighted_pressure_plate":1,"minecraft:iron_ingot":4,"minecraft:iron_nugget":14,"minecraft:light_gray_wool":4,"minecraft:chest":4,"minecraft:oak_planks":59,"minecraft:furnace":3,"minecraft:egg":3,"minecraft:stick":155,"minecraft:raw_iron":3,"minecraft:gravel":37,"minecraft:cherry_log":444,"minecraft:spruce_sapling":4,"minecraft:white_bed":5,"minecraft:spruce_log":10,"minecraft:arrow":2,"minecraft:rotten_flesh":1,"minecraft:cooked_cod":2,"minecraft:hay_block":6,"minecraft:granite":1,"minecraft:bone_meal":3,"minecraft:cherry_sapling":282,"minecraft:gray_wool":1,"minecraft:golden_horse_armor":2,"minecraft:oak_sapling":26,"minecraft:netherrack":7,"minecraft:mutton":29,"minecraft:cod":7,"minecraft:white_wool":14,"minecraft:cobblestone":50},"minecraft:mined":{"minecraft:white_bed":4,"minecraft:oak_sapling":1,"minecraft:glass_pane":6,"minecraft:kelp_plant":23,"minecraft:cherry_log":459,"minecraft:crafting_table":8,"minecraft:granite":1,"minecraft:grass_block":47,"minecraft:chest":4,"minecraft:tall_grass":8,"minecraft:cobblestone":10,"minecraft:oak_planks":3,"minecraft:kelp":1,"minecraft:pink_petals":19,"minecraft:hay_block":6,"minecraft:furnace":3,"minecraft:iron_ore":3,"minecraft:wheat":11,"minecraft:fire":3,"minecraft:spruce_log":10,"minecraft:fletching_table":8,"minecraft:grass":27,"minecraft:oak_log":65,"minecraft:gravel":42,"minecraft:dirt":32,"minecraft:stone":40,"minecraft:netherrack":9,"minecraft:oak_leaves":86},"minecraft:used":{"minecraft:cherry_sapling":84,"minecraft:wheat_seeds":21,"minecraft:cooked_mutton":14,"minecraft:water_bucket":20,"minecraft:flint_and_steel":2,"minecraft:stone_shovel":42,"minecraft:stone_pickaxe":70,"minecraft:oak_planks":4,"minecraft:chest":13,"minecraft:wooden_pickaxe":3,"minecraft:shield":1,"minecraft:fletching_table":8,"minecraft:torch":4,"minecraft:dirt":75,"minecraft:crafting_table":11,"minecraft:white_bed":6,"minecraft:golden_shovel":32,"minecraft:apple":2,"minecraft:lava_bucket":9,"minecraft:bread":11,"minecraft:spruce_sapling":4,"minecraft:stone_axe":650,"minecraft:fire_charge":1,"minecraft:cobblestone":2,"minecraft:oak_sapling":22,"minecraft:furnace":5,"minecraft:cooked_cod":7,"minecraft:bucket":30,"minecraft:egg":1},"minecraft:broken":{"minecraft:stone_axe":4,"minecraft:golden_shovel":1},"minecraft:custom":{"minecraft:interact_with_furnace":30,"minecraft:mob_kills":34,"minecraft:traded_with_villager":52,"minecraft:interact_with_crafting_table":32,"minecraft:leave_game":4,"minecraft:time_since_death":161657,"minecraft:sleep_in_bed":5,"minecraft:climb_one_cm":516,"minecraft:time_since_rest":9037,"minecraft:sprint_one_cm":473688,"minecraft:damage_taken":776,"minecraft:walk_one_cm":274348,"minecraft:damage_blocked_by_shield":75,"minecraft:drop":55,"minecraft:damage_dealt":4360,"minecraft:talked_to_villager":17,"minecraft:swim_one_cm":69177,"minecraft:fly_one_cm":573260,"minecraft:open_chest":39,"minecraft:crouch_one_cm":3922,"minecraft:play_time":161657,"minecraft:sneak_time":2111,"minecraft:walk_under_water_one_cm":10070,"minecraft:jump":2942,"minecraft:walk_on_water_one_cm":15680,"minecraft:total_world_time":161657,"minecraft:fall_one_cm":69342}},"DataVersion":3465}