{"stats":{"minecraft:dropped":{"minecraft:cooked_beef":1,"minecraft:crossbow":29,"minecraft:cookie":211,"minecraft:leather":1,"minecraft:flint":5,"minecraft:dirt":10,"minecraft:cornflower":3,"minecraft:bone_meal":46,"minecraft:sunflower":1,"minecraft:acacia_door":1,"minecraft:bone":1,"minecraft:gravel":37,"minecraft:stone_axe":7,"minecraft:pink_dye":1,"minecraft:wheat":3,"minecraft:cherry_sapling":154,"minecraft:rotten_flesh":7,"minecraft:oak_planks":1,"minecraft:cooked_mutton":1,"minecraft:white_bed":1,"minecraft:chainmail_chestplate":14,"minecraft:poppy":6,"minecraft:chest":1,"minecraft:acacia_sapling":7,"minecraft:chainmail_boots":13,"minecraft:arrow":2,"minecraft:beef":1,"minecraft:stone_hoe":4,"minecraft:bread":214,"minecraft:wheat_seeds":384,"minecraft:cherry_log":128,"minecraft:iron_helmet":4,"minecraft:apple":28,"minecraft:stick":171,"minecraft:oxeye_daisy":6,"minecraft:golden_carrot":3,"minecraft:cherry_planks":45,"minecraft:iron_axe":79,"minecraft:iron_shovel":6,"minecraft:chainmail_leggings":8,"minecraft:spruce_sapling":1,"minecraft:dandelion":17,"minecraft:soul_soil":1,"minecraft:bowl":8,"minecraft:stone_shovel":3,"minecraft:tall_grass":2,"minecraft:cobblestone_slab":5,"minecraft:iron_chestplate":10,"minecraft:oak_sapling":9,"minecraft:spruce_log":362,"minecraft:bow":8,"minecraft:stone_pickaxe":21},"minecraft:crafted":{"minecraft:oak_planks":324,"minecraft:smooth_stone":11,"minecraft:cobblestone_slab":12,"minecraft:cherry_slab":18,"minecraft:cherry_boat":4,"minecraft:stone":16,"minecraft:diamond_shovel":3,"minecraft:bookshelf":1,"minecraft:cooked_mutton":18,"minecraft:suspicious_stew":7,"minecraft:diamond_helmet":1,"minecraft:bow":8,"minecraft:diamond_leggings":1,"minecraft:melon_seeds":4,"minecraft:tipped_arrow":60,"minecraft:chest":28,"minecraft:rail":16,"minecraft:stone_hoe":9,"minecraft:arrow":384,"minecraft:emerald":1098,"minecraft:diamond_axe":5,"minecraft:crafting_table":7,"minecraft:spruce_planks":10860,"minecraft:wooden_pickaxe":1,"minecraft:iron_helmet":4,"minecraft:chainmail_chestplate":14,"minecraft:smithing_table":1,"minecraft:light_gray_bed":1,"minecraft:apple":24,"minecraft:diamond_pickaxe":3,"minecraft:iron_chestplate":8,"minecraft:cherry_sign":6,"minecraft:charcoal":16,"minecraft:shield":2,"minecraft:stick":32444,"minecraft:iron_ingot":3,"minecraft:iron_pickaxe":1,"minecraft:stone_sword":1,"minecraft:golden_carrot":54,"minecraft:cherry_planks":5316,"minecraft:cookie":144,"minecraft:coal":9,"minecraft:stone_shovel":5,"minecraft:furnace":3,"minecraft:bone_meal":108,"minecraft:pink_dye":1,"minecraft:cherry_trapdoor":20,"minecraft:iron_axe":128,"minecraft:stone_pickaxe":59,"minecraft:diamond_boots":1,"minecraft:spruce_boat":1,"minecraft:chainmail_leggings":8,"minecraft:minecart":1,"minecraft:wheat":90,"minecraft:cooked_beef":4,"minecraft:coal_block":2,"minecraft:cooked_cod":5,"minecraft:crossbow":15,"minecraft:diamond_sword":3,"minecraft:blue_bed":1,"minecraft:bucket":2,"minecraft:stone_axe":31,"minecraft:bread":215,"minecraft:air":0,"minecraft:blue_dye":1,"minecraft:flint":60,"minecraft:chainmail_boots":12,"minecraft:iron_shovel":9,"minecraft:white_bed":6,"minecraft:acacia_planks":84,"minecraft:torch":52,"minecraft:diamond_chestplate":1},"minecraft:broken":{"minecraft:golden_shovel":1,"minecraft:stone_axe":4,"minecraft:stone_shovel":2,"minecraft:stone_hoe":4,"minecraft:iron_axe":6},"minecraft:killed_by":{"minecraft:zombie":1,"minecraft:skeleton":2},"minecraft:killed":{"minecraft:spider":3,"minecraft:cod":7,"minecraft:skeleton":4,"minecraft:zombie_villager":1,"minecraft:iron_golem":4,"minecraft:creeper":3,"minecraft:sheep":19,"minecraft:pillager":4,"minecraft:zombie":11,"minecraft:cow":4,"minecraft:horse":1,"minecraft:enderman":1},"minecraft:mined":{"minecraft:attached_melon_stem":3,"minecraft:white_bed":7,"minecraft:oak_sapling":1,"minecraft:cherry_log":1331,"minecraft:cherry_trapdoor":3,"minecraft:granite":1,"minecraft:acacia_log":16,"minecraft:grass_block":503,"minecraft:soul_soil":1,"minecraft:oxeye_daisy":4,"minecraft:iron_ore":29,"minecraft:fire":3,"minecraft:fletching_table":10,"minecraft:deepslate_lapis_ore":5,"minecraft:azure_bluet":1,"minecraft:dirt_path":12,"minecraft:orange_bed":1,"minecraft:kelp_plant":23,"minecraft:melon_stem":6,"minecraft:soul_fire":1,"minecraft:torch":7,"minecraft:poppy":1,"minecraft:melon":1,"minecraft:chest":9,"minecraft:cobblestone":12,"minecraft:grindstone":1,"minecraft:oak_planks":3,"minecraft:wall_torch":3,"minecraft:pink_petals":20,"minecraft:wheat":657,"minecraft:grass":226,"minecraft:oak_log":117,"minecraft:acacia_fence":16,"minecraft:dirt":137,"minecraft:netherrack":9,"minecraft:oak_leaves":96,"minecraft:deepslate":4,"minecraft:yellow_terracotta":19,"minecraft:tuff":3,"minecraft:cherry_sapling":9,"minecraft:spruce_leaves":21,"minecraft:kelp":1,"minecraft:hay_block":6,"minecraft:spruce_sapling":24,"minecraft:furnace":3,"minecraft:carrots":74,"minecraft:acacia_wood":29,"minecraft:acacia_stairs":39,"minecraft:andesite":2,"minecraft:bookshelf":1,"minecraft:potatoes":47,"minecraft:rail":7,"minecraft:deepslate_iron_ore":3,"minecraft:cobblestone_slab":1,"minecraft:stone":307,"minecraft:bone_block":11,"minecraft:podzol":9,"minecraft:smithing_table":5,"minecraft:glass_pane":10,"minecraft:cherry_planks":6,"minecraft:soul_sand":15,"minecraft:dandelion":9,"minecraft:crafting_table":10,"minecraft:cornflower":1,"minecraft:lectern":4,"minecraft:tall_grass":13,"minecraft:copper_ore":2,"minecraft:diorite":21,"minecraft:blue_bed":2,"minecraft:spruce_log":3108,"minecraft:coal_ore":30,"minecraft:acacia_door":1,"minecraft:sunflower":2,"minecraft:gravel":145,"minecraft:acacia_planks":20},"minecraft:custom":{"minecraft:animals_bred":13,"minecraft:interact_with_crafting_table":110,"minecraft:leave_game":15,"minecraft:time_since_death":249758,"minecraft:sprint_one_cm":1602153,"minecraft:damage_blocked_by_shield":885,"minecraft:drop":930,"minecraft:talked_to_villager":367,"minecraft:play_time":603365,"minecraft:deaths":3,"minecraft:jump":7934,"minecraft:walk_on_water_one_cm":22568,"minecraft:interact_with_furnace":44,"minecraft:traded_with_villager":1480,"minecraft:sleep_in_bed":39,"minecraft:damage_dealt":7509,"minecraft:crouch_one_cm":10914,"minecraft:interact_with_smithing_table":2,"minecraft:mob_kills":63,"minecraft:climb_one_cm":516,"minecraft:walk_one_cm":1544142,"minecraft:sneak_time":5177,"minecraft:walk_under_water_one_cm":10728,"minecraft:boat_one_cm":12839,"minecraft:interact_with_blast_furnace":2,"minecraft:total_world_time":603365,"minecraft:interact_with_grindstone":6,"minecraft:time_since_rest":7203,"minecraft:damage_taken":2497,"minecraft:swim_one_cm":69177,"minecraft:fly_one_cm":1521058,"minecraft:open_chest":417,"minecraft:fall_one_cm":180683},"minecraft:used":{"minecraft:cherry_sapling":130,"minecraft:chest":24,"minecraft:shield":15,"minecraft:carrot":236,"minecraft:milk_bucket":1,"minecraft:spruce_boat":2,"minecraft:lava_bucket":9,"minecraft:bow":44,"minecraft:furnace":5,"minecraft:oak_sapling":22,"minecraft:cooked_cod":7,"minecraft:egg":1,"minecraft:potato":95,"minecraft:stone_pickaxe":219,"minecraft:oak_planks":4,"minecraft:wooden_pickaxe":3,"minecraft:blue_bed":3,"minecraft:diamond_axe":965,"minecraft:sugar_cane":24,"minecraft:blast_furnace":1,"minecraft:crossbow":23,"minecraft:bread":40,"minecraft:lectern":5,"minecraft:cherry_sign":5,"minecraft:gravel":74,"minecraft:diamond_sword":11,"minecraft:fire_charge":1,"minecraft:grindstone":1,"minecraft:smithing_table":6,"minecraft:bone_meal":75,"minecraft:cherry_boat":6,"minecraft:stone_sword":3,"minecraft:flint_and_steel":7,"minecraft:stone_shovel":388,"minecraft:stone_hoe":794,"minecraft:orange_bed":1,"minecraft:torch":77,"minecraft:dirt":423,"minecraft:golden_shovel":32,"minecraft:bookshelf":1,"minecraft:iron_axe":3384,"minecraft:cherry_slab":9,"minecraft:cherry_trapdoor":5,"minecraft:golden_carrot":14,"minecraft:minecart":2,"minecraft:cooked_beef":3,"minecraft:light_gray_bed":1,"minecraft:wheat_seeds":904,"minecraft:cooked_mutton":17,"minecraft:water_bucket":57,"minecraft:cherry_planks":57,"minecraft:fletching_table":10,"minecraft:cobblestone_slab":8,"minecraft:rail":7,"minecraft:crafting_table":15,"minecraft:white_bed":11,"minecraft:diamond_pickaxe":39,"minecraft:apple":2,"minecraft:diamond_shovel":209,"minecraft:suspicious_stew":7,"minecraft:iron_pickaxe":229,"minecraft:spruce_sapling":351,"minecraft:stone_axe":651,"minecraft:pink_petals":64,"minecraft:cobblestone":24,"minecraft:bucket":68},"minecraft:picked_up":{"minecraft:iron_chestplate":2,"minecraft:wheat":605,"minecraft:chainmail_boots":1,"minecraft:smithing_table":5,"minecraft:string":6,"minecraft:soul_soil":1,"minecraft:raw_copper":8,"minecraft:cherry_boat":4,"minecraft:cobbled_deepslate":4,"minecraft:spruce_planks":73,"minecraft:light_weighted_pressure_plate":1,"minecraft:cobblestone_slab":1,"minecraft:melon_slice":4,"minecraft:furnace":3,"minecraft:stick":778,"minecraft:acacia_fence":16,"minecraft:acacia_log":15,"minecraft:torch":16,"minecraft:cherry_log":1295,"minecraft:diorite":21,"minecraft:orange_bed":1,"minecraft:stone_sword":1,"minecraft:rotten_flesh":11,"minecraft:cod":7,"minecraft:cobblestone":402,"minecraft:pink_petals":87,"minecraft:cherry_planks":47,"minecraft:andesite":2,"minecraft:potato":74,"minecraft:flint":17,"minecraft:tuff":3,"minecraft:dirt":686,"minecraft:lapis_lazuli":28,"minecraft:bone":9,"minecraft:acacia_planks":20,"minecraft:bow":1,"minecraft:wheat_seeds":1784,"minecraft:grindstone":1,"minecraft:fletching_table":10,"minecraft:stone_hoe":1,"minecraft:oak_planks":59,"minecraft:acacia_stairs":37,"minecraft:spruce_boat":2,"minecraft:crossbow":12,"minecraft:granite":1,"minecraft:bone_meal":19,"minecraft:emerald":40,"minecraft:golden_horse_armor":2,"minecraft:bread":82,"minecraft:oak_sapling":35,"minecraft:netherrack":7,"minecraft:crafting_table":10,"minecraft:azure_bluet":1,"minecraft:cornflower":4,"minecraft:iron_axe":13,"minecraft:acacia_door":1,"minecraft:flint_and_steel":1,"minecraft:beef":5,"minecraft:minecart":2,"minecraft:poppy":6,"minecraft:iron_nugget":14,"minecraft:light_gray_wool":4,"minecraft:lectern":4,"minecraft:chest":5,"minecraft:cherry_trapdoor":3,"minecraft:egg":5,"minecraft:raw_iron":32,"minecraft:bowl":1,"minecraft:cookie":67,"minecraft:carrot":222,"minecraft:cooked_cod":2,"minecraft:arrow":70,"minecraft:stone_shovel":1,"minecraft:hay_block":6,"minecraft:yellow_terracotta":19,"minecraft:mutton":29,"minecraft:rail":7,"minecraft:bone_block":11,"minecraft:white_wool":14,"minecraft:oxeye_daisy":6,"minecraft:golden_carrot":3,"minecraft:leather":4,"minecraft:acacia_wood":29,"minecraft:oak_log":115,"minecraft:gunpowder":4,"minecraft:blue_bed":2,"minecraft:apple":35,"minecraft:kelp":73,"minecraft:iron_ingot":47,"minecraft:stone_pickaxe":12,"minecraft:tall_grass":2,"minecraft:acacia_sapling":7,"minecraft:soul_sand":15,"minecraft:book":3,"minecraft:dandelion":17,"minecraft:gravel":128,"minecraft:spruce_sapling":401,"minecraft:white_bed":8,"minecraft:spruce_log":3077,"minecraft:spider_eye":2,"minecraft:stone_axe":6,"minecraft:cherry_sapling":790,"minecraft:gray_wool":1,"minecraft:melon_seeds":17,"minecraft:coal":30,"minecraft:sunflower":1}},"DataVersion":3465}